{
  "simulation": "com.example.webtours.MaxPerformanceOpen",
  "simulationId": "maxperformanceopen",
  "start": 1653473188387,
  "description": "",
  "scenarios": ["Common Scenario"],
  "assertions": [
{
  "path": "Global",
  "target": "95th percentile of response time",
  "condition": "is less than",
  "expectedValues": [5000.0],
  "result": false,
  "message": "Global: 95th percentile of response time is less than 5000.0",
  "actualValue": [10001.0]
},
{
  "path": "Global",
  "target": "percentage of successful events",
  "condition": "is greater than",
  "expectedValues": [95.0],
  "result": true,
  "message": "Global: percentage of successful events is greater than 95.0",
  "actualValue": [97.1382496736376]
}
  ]
}