{
  "type": "GROUP",
"name": "Global Information",
"path": "",
"pathFormatted": "group_missing-name-b06d1",
"stats": {
    "name": "Global Information",
    "numberOfRequests": {
        "total": 39067,
        "ok": 37949,
        "ko": 1118
    },
    "minResponseTime": {
        "total": 103,
        "ok": 103,
        "ko": 10000
    },
    "maxResponseTime": {
        "total": 60003,
        "ok": 59950,
        "ko": 60003
    },
    "meanResponseTime": {
        "total": 1937,
        "ok": 1658,
        "ko": 11388
    },
    "standardDeviation": {
        "total": 6382,
        "ok": 6102,
        "ko": 8210
    },
    "percentiles1": {
        "total": 371,
        "ok": 301,
        "ko": 10002
    },
    "percentiles2": {
        "total": 1551,
        "ok": 1517,
        "ko": 10002
    },
    "percentiles3": {
        "total": 10001,
        "ok": 2191,
        "ko": 10003
    },
    "percentiles4": {
        "total": 45007,
        "ok": 44464,
        "ko": 60001
    },
    "group1": {
    "name": "t < 800 ms",
    "count": 21731,
    "percentage": 56
},
    "group2": {
    "name": "800 ms < t < 1200 ms",
    "count": 2370,
    "percentage": 6
},
    "group3": {
    "name": "t > 1200 ms",
    "count": 13848,
    "percentage": 35
},
    "group4": {
    "name": "failed",
    "count": 1118,
    "percentage": 3
},
    "meanNumberOfRequestsPerSecond": {
        "total": 32.96793248945148,
        "ok": 32.02447257383966,
        "ko": 0.9434599156118143
    }
},
"contents": {
"group_login-99dea": {
          "type": "GROUP",
"name": "Login",
"path": "Login",
"pathFormatted": "group_login-99dea",
"stats": {
    "name": "Login",
    "numberOfRequests": {
        "total": 2845,
        "ok": 0,
        "ko": 2845
    },
    "minResponseTime": {
        "total": 388,
        "ok": 0,
        "ko": 388
    },
    "maxResponseTime": {
        "total": 80006,
        "ok": 0,
        "ko": 80006
    },
    "meanResponseTime": {
        "total": 5498,
        "ok": 0,
        "ko": 5498
    },
    "standardDeviation": {
        "total": 11902,
        "ok": 0,
        "ko": 11902
    },
    "percentiles1": {
        "total": 2287,
        "ok": 0,
        "ko": 2287
    },
    "percentiles2": {
        "total": 4785,
        "ok": 0,
        "ko": 4785
    },
    "percentiles3": {
        "total": 30005,
        "ok": 0,
        "ko": 30005
    },
    "percentiles4": {
        "total": 63259,
        "ok": 0,
        "ko": 63259
    },
    "group1": {
    "name": "t < 800 ms",
    "count": 0,
    "percentage": 0
},
    "group2": {
    "name": "800 ms < t < 1200 ms",
    "count": 0,
    "percentage": 0
},
    "group3": {
    "name": "t > 1200 ms",
    "count": 0,
    "percentage": 0
},
    "group4": {
    "name": "failed",
    "count": 2845,
    "percentage": 100
},
    "meanNumberOfRequestsPerSecond": {
        "total": 2.4008438818565403,
        "ok": 0,
        "ko": 2.4008438818565403
    }
},
"contents": {
"req_post--login-pl-0234f": {
        "type": "REQUEST",
        "name": "POST /login.pl",
"path": "Login / POST /login.pl",
"pathFormatted": "req_login---post--l-3ad61",
"stats": {
    "name": "POST /login.pl",
    "numberOfRequests": {
        "total": 2975,
        "ok": 2707,
        "ko": 268
    },
    "minResponseTime": {
        "total": 126,
        "ok": 126,
        "ko": 10000
    },
    "maxResponseTime": {
        "total": 60002,
        "ok": 59456,
        "ko": 60002
    },
    "meanResponseTime": {
        "total": 2810,
        "ok": 1987,
        "ko": 11121
    },
    "standardDeviation": {
        "total": 8159,
        "ok": 7760,
        "ko": 7397
    },
    "percentiles1": {
        "total": 869,
        "ok": 523,
        "ko": 10002
    },
    "percentiles2": {
        "total": 1578,
        "ok": 1479,
        "ko": 10002
    },
    "percentiles3": {
        "total": 10002,
        "ok": 2325,
        "ko": 10003
    },
    "percentiles4": {
        "total": 54110,
        "ok": 53447,
        "ko": 60001
    },
    "group1": {
    "name": "t < 800 ms",
    "count": 1470,
    "percentage": 49
},
    "group2": {
    "name": "800 ms < t < 1200 ms",
    "count": 174,
    "percentage": 6
},
    "group3": {
    "name": "t > 1200 ms",
    "count": 1063,
    "percentage": 36
},
    "group4": {
    "name": "failed",
    "count": 268,
    "percentage": 9
},
    "meanNumberOfRequestsPerSecond": {
        "total": 2.5105485232067513,
        "ok": 2.2843881856540085,
        "ko": 0.22616033755274262
    }
}
    },"req_get--nav-pl-4f0ee": {
        "type": "REQUEST",
        "name": "GET /nav.pl",
"path": "Login / GET /nav.pl",
"pathFormatted": "req_login---get--na-b767e",
"stats": {
    "name": "GET /nav.pl",
    "numberOfRequests": {
        "total": 2909,
        "ok": 2734,
        "ko": 175
    },
    "minResponseTime": {
        "total": 127,
        "ok": 127,
        "ko": 10000
    },
    "maxResponseTime": {
        "total": 60001,
        "ok": 59895,
        "ko": 60001
    },
    "meanResponseTime": {
        "total": 1986,
        "ok": 1418,
        "ko": 10859
    },
    "standardDeviation": {
        "total": 6018,
        "ok": 5520,
        "ko": 6490
    },
    "percentiles1": {
        "total": 782,
        "ok": 565,
        "ko": 10002
    },
    "percentiles2": {
        "total": 1593,
        "ok": 1534,
        "ko": 10002
    },
    "percentiles3": {
        "total": 10001,
        "ok": 2095,
        "ko": 10003
    },
    "percentiles4": {
        "total": 47129,
        "ok": 46700,
        "ko": 60001
    },
    "group1": {
    "name": "t < 800 ms",
    "count": 1462,
    "percentage": 50
},
    "group2": {
    "name": "800 ms < t < 1200 ms",
    "count": 205,
    "percentage": 7
},
    "group3": {
    "name": "t > 1200 ms",
    "count": 1067,
    "percentage": 37
},
    "group4": {
    "name": "failed",
    "count": 175,
    "percentage": 6
},
    "meanNumberOfRequestsPerSecond": {
        "total": 2.4548523206751054,
        "ok": 2.307172995780591,
        "ko": 0.14767932489451477
    }
}
    },"req_get--login-pl-06e7c": {
        "type": "REQUEST",
        "name": "GET /login.pl",
"path": "Login / GET /login.pl",
"pathFormatted": "req_login---get--lo-d1dba",
"stats": {
    "name": "GET /login.pl",
    "numberOfRequests": {
        "total": 2845,
        "ok": 2736,
        "ko": 109
    },
    "minResponseTime": {
        "total": 128,
        "ok": 128,
        "ko": 10000
    },
    "maxResponseTime": {
        "total": 60001,
        "ok": 57516,
        "ko": 60001
    },
    "meanResponseTime": {
        "total": 1374,
        "ok": 1012,
        "ko": 10461
    },
    "standardDeviation": {
        "total": 3490,
        "ok": 2887,
        "ko": 4767
    },
    "percentiles1": {
        "total": 708,
        "ok": 558,
        "ko": 10002
    },
    "percentiles2": {
        "total": 1589,
        "ok": 1555,
        "ko": 10002
    },
    "percentiles3": {
        "total": 2593,
        "ok": 2043,
        "ko": 10003
    },
    "percentiles4": {
        "total": 10002,
        "ok": 2653,
        "ko": 10007
    },
    "group1": {
    "name": "t < 800 ms",
    "count": 1445,
    "percentage": 51
},
    "group2": {
    "name": "800 ms < t < 1200 ms",
    "count": 200,
    "percentage": 7
},
    "group3": {
    "name": "t > 1200 ms",
    "count": 1091,
    "percentage": 38
},
    "group4": {
    "name": "failed",
    "count": 109,
    "percentage": 4
},
    "meanNumberOfRequestsPerSecond": {
        "total": 2.4008438818565403,
        "ok": 2.3088607594936708,
        "ko": 0.0919831223628692
    }
}
    }
}

     },"group_open-flights-57e21": {
          "type": "GROUP",
"name": "Open flights",
"path": "Open flights",
"pathFormatted": "group_open-flights-57e21",
"stats": {
    "name": "Open flights",
    "numberOfRequests": {
        "total": 2758,
        "ok": 2730,
        "ko": 28
    },
    "minResponseTime": {
        "total": 391,
        "ok": 391,
        "ko": 30003
    },
    "maxResponseTime": {
        "total": 76590,
        "ok": 55640,
        "ko": 76590
    },
    "meanResponseTime": {
        "total": 2920,
        "ok": 2587,
        "ko": 35318
    },
    "standardDeviation": {
        "total": 4313,
        "ok": 2473,
        "ko": 13252
    },
    "percentiles1": {
        "total": 2012,
        "ok": 1866,
        "ko": 30006
    },
    "percentiles2": {
        "total": 4638,
        "ok": 4618,
        "ko": 30007
    },
    "percentiles3": {
        "total": 5543,
        "ok": 5438,
        "ko": 67158
    },
    "percentiles4": {
        "total": 30004,
        "ok": 6203,
        "ko": 74879
    },
    "group1": {
    "name": "t < 800 ms",
    "count": 1191,
    "percentage": 43
},
    "group2": {
    "name": "800 ms < t < 1200 ms",
    "count": 86,
    "percentage": 3
},
    "group3": {
    "name": "t > 1200 ms",
    "count": 1453,
    "percentage": 53
},
    "group4": {
    "name": "failed",
    "count": 28,
    "percentage": 1
},
    "meanNumberOfRequestsPerSecond": {
        "total": 2.3274261603375526,
        "ok": 2.3037974683544302,
        "ko": 0.02362869198312236
    }
},
"contents": {
"req_get--welcome-pl-da0b1": {
        "type": "REQUEST",
        "name": "GET /welcome.pl",
"path": "Open flights / GET /welcome.pl",
"pathFormatted": "req_open-flights----fed1b",
"stats": {
    "name": "GET /welcome.pl",
    "numberOfRequests": {
        "total": 2806,
        "ok": 2737,
        "ko": 69
    },
    "minResponseTime": {
        "total": 124,
        "ok": 124,
        "ko": 10000
    },
    "maxResponseTime": {
        "total": 60000,
        "ok": 55325,
        "ko": 60000
    },
    "meanResponseTime": {
        "total": 1146,
        "ok": 904,
        "ko": 10726
    },
    "standardDeviation": {
        "total": 2548,
        "ok": 1840,
        "ko": 5975
    },
    "percentiles1": {
        "total": 680,
        "ok": 592,
        "ko": 10002
    },
    "percentiles2": {
        "total": 1560,
        "ok": 1541,
        "ko": 10002
    },
    "percentiles3": {
        "total": 2169,
        "ok": 1994,
        "ko": 10003
    },
    "percentiles4": {
        "total": 10002,
        "ok": 2483,
        "ko": 26002
    },
    "group1": {
    "name": "t < 800 ms",
    "count": 1457,
    "percentage": 52
},
    "group2": {
    "name": "800 ms < t < 1200 ms",
    "count": 208,
    "percentage": 7
},
    "group3": {
    "name": "t > 1200 ms",
    "count": 1072,
    "percentage": 38
},
    "group4": {
    "name": "failed",
    "count": 69,
    "percentage": 2
},
    "meanNumberOfRequestsPerSecond": {
        "total": 2.367932489451477,
        "ok": 2.309704641350211,
        "ko": 0.05822784810126582
    }
}
    },"req_get--nav-pl-4f0ee": {
        "type": "REQUEST",
        "name": "GET /nav.pl",
"path": "Open flights / GET /nav.pl",
"pathFormatted": "req_open-flights----08549",
"stats": {
    "name": "GET /nav.pl",
    "numberOfRequests": {
        "total": 2775,
        "ok": 2734,
        "ko": 41
    },
    "minResponseTime": {
        "total": 125,
        "ok": 125,
        "ko": 10001
    },
    "maxResponseTime": {
        "total": 57036,
        "ok": 57036,
        "ko": 10003
    },
    "meanResponseTime": {
        "total": 1035,
        "ok": 901,
        "ko": 10002
    },
    "standardDeviation": {
        "total": 2122,
        "ok": 1829,
        "ko": 1
    },
    "percentiles1": {
        "total": 660,
        "ok": 600,
        "ko": 10002
    },
    "percentiles2": {
        "total": 1535,
        "ok": 1518,
        "ko": 10002
    },
    "percentiles3": {
        "total": 2089,
        "ok": 1968,
        "ko": 10003
    },
    "percentiles4": {
        "total": 10001,
        "ok": 2452,
        "ko": 10003
    },
    "group1": {
    "name": "t < 800 ms",
    "count": 1451,
    "percentage": 52
},
    "group2": {
    "name": "800 ms < t < 1200 ms",
    "count": 212,
    "percentage": 8
},
    "group3": {
    "name": "t > 1200 ms",
    "count": 1071,
    "percentage": 39
},
    "group4": {
    "name": "failed",
    "count": 41,
    "percentage": 1
},
    "meanNumberOfRequestsPerSecond": {
        "total": 2.3417721518987342,
        "ok": 2.307172995780591,
        "ko": 0.03459915611814346
    }
}
    },"req_get--reservatio-0a71b": {
        "type": "REQUEST",
        "name": "GET /reservations.pl-welcome",
"path": "Open flights / GET /reservations.pl-welcome",
"pathFormatted": "req_open-flights----d0dd2",
"stats": {
    "name": "GET /reservations.pl-welcome",
    "numberOfRequests": {
        "total": 2758,
        "ok": 2734,
        "ko": 24
    },
    "minResponseTime": {
        "total": 131,
        "ok": 131,
        "ko": 10001
    },
    "maxResponseTime": {
        "total": 56587,
        "ok": 56587,
        "ko": 10003
    },
    "meanResponseTime": {
        "total": 979,
        "ok": 899,
        "ko": 10002
    },
    "standardDeviation": {
        "total": 1798,
        "ok": 1594,
        "ko": 1
    },
    "percentiles1": {
        "total": 624,
        "ok": 597,
        "ko": 10002
    },
    "percentiles2": {
        "total": 1553,
        "ok": 1544,
        "ko": 10002
    },
    "percentiles3": {
        "total": 2042,
        "ok": 1995,
        "ko": 10003
    },
    "percentiles4": {
        "total": 3285,
        "ok": 2564,
        "ko": 10003
    },
    "group1": {
    "name": "t < 800 ms",
    "count": 1446,
    "percentage": 52
},
    "group2": {
    "name": "800 ms < t < 1200 ms",
    "count": 187,
    "percentage": 7
},
    "group3": {
    "name": "t > 1200 ms",
    "count": 1101,
    "percentage": 40
},
    "group4": {
    "name": "failed",
    "count": 24,
    "percentage": 1
},
    "meanNumberOfRequestsPerSecond": {
        "total": 2.3274261603375526,
        "ok": 2.307172995780591,
        "ko": 0.020253164556962026
    }
}
    }
}

     },"group_set-flight-pref-926c8": {
          "type": "GROUP",
"name": "Set flight preferences",
"path": "Set flight preferences",
"pathFormatted": "group_set-flight-pref-926c8",
"stats": {
    "name": "Set flight preferences",
    "numberOfRequests": {
        "total": 2716,
        "ok": 2715,
        "ko": 1
    },
    "minResponseTime": {
        "total": 402,
        "ok": 402,
        "ko": 30005
    },
    "maxResponseTime": {
        "total": 30005,
        "ok": 7738,
        "ko": 30005
    },
    "meanResponseTime": {
        "total": 2563,
        "ok": 2553,
        "ko": 30005
    },
    "standardDeviation": {
        "total": 2120,
        "ok": 2054,
        "ko": 0
    },
    "percentiles1": {
        "total": 1799,
        "ok": 1796,
        "ko": 30005
    },
    "percentiles2": {
        "total": 4634,
        "ok": 4634,
        "ko": 30005
    },
    "percentiles3": {
        "total": 5415,
        "ok": 5412,
        "ko": 30005
    },
    "percentiles4": {
        "total": 6245,
        "ok": 6215,
        "ko": 30005
    },
    "group1": {
    "name": "t < 800 ms",
    "count": 1207,
    "percentage": 44
},
    "group2": {
    "name": "800 ms < t < 1200 ms",
    "count": 65,
    "percentage": 2
},
    "group3": {
    "name": "t > 1200 ms",
    "count": 1443,
    "percentage": 53
},
    "group4": {
    "name": "failed",
    "count": 1,
    "percentage": 0
},
    "meanNumberOfRequestsPerSecond": {
        "total": 2.2919831223628693,
        "ok": 2.2911392405063293,
        "ko": 8.438818565400844E-4
    }
},
"contents": {
"req_post--reservati-4549a": {
        "type": "REQUEST",
        "name": "POST /reservations.pl-direction",
"path": "Set flight preferences / POST /reservations.pl-direction",
"pathFormatted": "req_set-flight-pref-31f24",
"stats": {
    "name": "POST /reservations.pl-direction",
    "numberOfRequests": {
        "total": 2738,
        "ok": 2727,
        "ko": 11
    },
    "minResponseTime": {
        "total": 132,
        "ok": 132,
        "ko": 10001
    },
    "maxResponseTime": {
        "total": 10003,
        "ok": 3767,
        "ko": 10003
    },
    "meanResponseTime": {
        "total": 885,
        "ok": 848,
        "ko": 10002
    },
    "standardDeviation": {
        "total": 917,
        "ok": 712,
        "ko": 1
    },
    "percentiles1": {
        "total": 581,
        "ok": 571,
        "ko": 10002
    },
    "percentiles2": {
        "total": 1541,
        "ok": 1534,
        "ko": 10003
    },
    "percentiles3": {
        "total": 1999,
        "ok": 1959,
        "ko": 10003
    },
    "percentiles4": {
        "total": 2538,
        "ok": 2410,
        "ko": 10003
    },
    "group1": {
    "name": "t < 800 ms",
    "count": 1465,
    "percentage": 54
},
    "group2": {
    "name": "800 ms < t < 1200 ms",
    "count": 180,
    "percentage": 7
},
    "group3": {
    "name": "t > 1200 ms",
    "count": 1082,
    "percentage": 40
},
    "group4": {
    "name": "failed",
    "count": 11,
    "percentage": 0
},
    "meanNumberOfRequestsPerSecond": {
        "total": 2.310548523206751,
        "ok": 2.30126582278481,
        "ko": 0.009282700421940928
    }
}
    },"req_post--reservati-e5f7c": {
        "type": "REQUEST",
        "name": "POST /reservations.pl-seat",
"path": "Set flight preferences / POST /reservations.pl-seat",
"pathFormatted": "req_set-flight-pref-cb5da",
"stats": {
    "name": "POST /reservations.pl-seat",
    "numberOfRequests": {
        "total": 2729,
        "ok": 2723,
        "ko": 6
    },
    "minResponseTime": {
        "total": 133,
        "ok": 133,
        "ko": 10001
    },
    "maxResponseTime": {
        "total": 10003,
        "ok": 3657,
        "ko": 10003
    },
    "meanResponseTime": {
        "total": 875,
        "ok": 855,
        "ko": 10002
    },
    "standardDeviation": {
        "total": 841,
        "ok": 725,
        "ko": 1
    },
    "percentiles1": {
        "total": 602,
        "ok": 599,
        "ko": 10002
    },
    "percentiles2": {
        "total": 1549,
        "ok": 1547,
        "ko": 10002
    },
    "percentiles3": {
        "total": 2010,
        "ok": 1998,
        "ko": 10003
    },
    "percentiles4": {
        "total": 2602,
        "ok": 2587,
        "ko": 10003
    },
    "group1": {
    "name": "t < 800 ms",
    "count": 1461,
    "percentage": 54
},
    "group2": {
    "name": "800 ms < t < 1200 ms",
    "count": 198,
    "percentage": 7
},
    "group3": {
    "name": "t > 1200 ms",
    "count": 1064,
    "percentage": 39
},
    "group4": {
    "name": "failed",
    "count": 6,
    "percentage": 0
},
    "meanNumberOfRequestsPerSecond": {
        "total": 2.3029535864978903,
        "ok": 2.2978902953586497,
        "ko": 0.005063291139240506
    }
}
    },"req_post--reservati-834f6": {
        "type": "REQUEST",
        "name": "POST /reservations.pl-address",
"path": "Set flight preferences / POST /reservations.pl-address",
"pathFormatted": "req_set-flight-pref-62ca2",
"stats": {
    "name": "POST /reservations.pl-address",
    "numberOfRequests": {
        "total": 2716,
        "ok": 2715,
        "ko": 1
    },
    "minResponseTime": {
        "total": 130,
        "ok": 130,
        "ko": 10001
    },
    "maxResponseTime": {
        "total": 10001,
        "ok": 4198,
        "ko": 10001
    },
    "meanResponseTime": {
        "total": 859,
        "ok": 855,
        "ko": 10001
    },
    "standardDeviation": {
        "total": 743,
        "ok": 722,
        "ko": 0
    },
    "percentiles1": {
        "total": 568,
        "ok": 566,
        "ko": 10001
    },
    "percentiles2": {
        "total": 1551,
        "ok": 1550,
        "ko": 10001
    },
    "percentiles3": {
        "total": 1994,
        "ok": 1993,
        "ko": 10001
    },
    "percentiles4": {
        "total": 2533,
        "ok": 2526,
        "ko": 10001
    },
    "group1": {
    "name": "t < 800 ms",
    "count": 1455,
    "percentage": 54
},
    "group2": {
    "name": "800 ms < t < 1200 ms",
    "count": 198,
    "percentage": 7
},
    "group3": {
    "name": "t > 1200 ms",
    "count": 1062,
    "percentage": 39
},
    "group4": {
    "name": "failed",
    "count": 1,
    "percentage": 0
},
    "meanNumberOfRequestsPerSecond": {
        "total": 2.2919831223628693,
        "ok": 2.2911392405063293,
        "ko": 8.438818565400844E-4
    }
}
    }
}

     },"group_open-home-page-38ec6": {
          "type": "GROUP",
"name": "Open home page",
"path": "Open home page",
"pathFormatted": "group_open-home-page-38ec6",
"stats": {
    "name": "Open home page",
    "numberOfRequests": {
        "total": 2695,
        "ok": 2695,
        "ko": 0
    },
    "minResponseTime": {
        "total": 380,
        "ok": 380,
        "ko": 0
    },
    "maxResponseTime": {
        "total": 7444,
        "ok": 7444,
        "ko": 0
    },
    "meanResponseTime": {
        "total": 2539,
        "ok": 2539,
        "ko": 0
    },
    "standardDeviation": {
        "total": 2050,
        "ok": 2050,
        "ko": 0
    },
    "percentiles1": {
        "total": 1787,
        "ok": 1787,
        "ko": 0
    },
    "percentiles2": {
        "total": 4616,
        "ok": 4616,
        "ko": 0
    },
    "percentiles3": {
        "total": 5434,
        "ok": 5434,
        "ko": 0
    },
    "percentiles4": {
        "total": 6124,
        "ok": 6124,
        "ko": 0
    },
    "group1": {
    "name": "t < 800 ms",
    "count": 1190,
    "percentage": 44
},
    "group2": {
    "name": "800 ms < t < 1200 ms",
    "count": 81,
    "percentage": 3
},
    "group3": {
    "name": "t > 1200 ms",
    "count": 1424,
    "percentage": 53
},
    "group4": {
    "name": "failed",
    "count": 0,
    "percentage": 0
},
    "meanNumberOfRequestsPerSecond": {
        "total": 2.2742616033755274,
        "ok": 2.2742616033755274,
        "ko": 0
    }
},
"contents": {
"req_get--welcome-pl-da0b1": {
        "type": "REQUEST",
        "name": "GET /welcome.pl",
"path": "Open home page / GET /welcome.pl",
"pathFormatted": "req_open-home-page--5df8f",
"stats": {
    "name": "GET /welcome.pl",
    "numberOfRequests": {
        "total": 2708,
        "ok": 2708,
        "ko": 0
    },
    "minResponseTime": {
        "total": 122,
        "ok": 122,
        "ko": 0
    },
    "maxResponseTime": {
        "total": 3592,
        "ok": 3592,
        "ko": 0
    },
    "meanResponseTime": {
        "total": 845,
        "ok": 845,
        "ko": 0
    },
    "standardDeviation": {
        "total": 718,
        "ok": 718,
        "ko": 0
    },
    "percentiles1": {
        "total": 603,
        "ok": 602,
        "ko": 0
    },
    "percentiles2": {
        "total": 1524,
        "ok": 1524,
        "ko": 0
    },
    "percentiles3": {
        "total": 1970,
        "ok": 1970,
        "ko": 0
    },
    "percentiles4": {
        "total": 2530,
        "ok": 2530,
        "ko": 0
    },
    "group1": {
    "name": "t < 800 ms",
    "count": 1440,
    "percentage": 53
},
    "group2": {
    "name": "800 ms < t < 1200 ms",
    "count": 212,
    "percentage": 8
},
    "group3": {
    "name": "t > 1200 ms",
    "count": 1056,
    "percentage": 39
},
    "group4": {
    "name": "failed",
    "count": 0,
    "percentage": 0
},
    "meanNumberOfRequestsPerSecond": {
        "total": 2.2852320675105484,
        "ok": 2.2852320675105484,
        "ko": 0
    }
}
    },"req_get--nav-pl-4f0ee": {
        "type": "REQUEST",
        "name": "GET /nav.pl",
"path": "Open home page / GET /nav.pl",
"pathFormatted": "req_open-home-page--0dc70",
"stats": {
    "name": "GET /nav.pl",
    "numberOfRequests": {
        "total": 2703,
        "ok": 2703,
        "ko": 0
    },
    "minResponseTime": {
        "total": 127,
        "ok": 127,
        "ko": 0
    },
    "maxResponseTime": {
        "total": 3449,
        "ok": 3449,
        "ko": 0
    },
    "meanResponseTime": {
        "total": 847,
        "ok": 847,
        "ko": 0
    },
    "standardDeviation": {
        "total": 713,
        "ok": 713,
        "ko": 0
    },
    "percentiles1": {
        "total": 578,
        "ok": 578,
        "ko": 0
    },
    "percentiles2": {
        "total": 1522,
        "ok": 1522,
        "ko": 0
    },
    "percentiles3": {
        "total": 1973,
        "ok": 1973,
        "ko": 0
    },
    "percentiles4": {
        "total": 2467,
        "ok": 2467,
        "ko": 0
    },
    "group1": {
    "name": "t < 800 ms",
    "count": 1433,
    "percentage": 53
},
    "group2": {
    "name": "800 ms < t < 1200 ms",
    "count": 202,
    "percentage": 7
},
    "group3": {
    "name": "t > 1200 ms",
    "count": 1068,
    "percentage": 40
},
    "group4": {
    "name": "failed",
    "count": 0,
    "percentage": 0
},
    "meanNumberOfRequestsPerSecond": {
        "total": 2.2810126582278483,
        "ok": 2.2810126582278483,
        "ko": 0
    }
}
    },"req_get--login-pl-06e7c": {
        "type": "REQUEST",
        "name": "GET /login.pl",
"path": "Open home page / GET /login.pl",
"pathFormatted": "req_open-home-page--4423f",
"stats": {
    "name": "GET /login.pl",
    "numberOfRequests": {
        "total": 2695,
        "ok": 2695,
        "ko": 0
    },
    "minResponseTime": {
        "total": 126,
        "ok": 126,
        "ko": 0
    },
    "maxResponseTime": {
        "total": 3465,
        "ok": 3465,
        "ko": 0
    },
    "meanResponseTime": {
        "total": 854,
        "ok": 854,
        "ko": 0
    },
    "standardDeviation": {
        "total": 717,
        "ok": 717,
        "ko": 0
    },
    "percentiles1": {
        "total": 573,
        "ok": 573,
        "ko": 0
    },
    "percentiles2": {
        "total": 1531,
        "ok": 1531,
        "ko": 0
    },
    "percentiles3": {
        "total": 1976,
        "ok": 1976,
        "ko": 0
    },
    "percentiles4": {
        "total": 2503,
        "ok": 2503,
        "ko": 0
    },
    "group1": {
    "name": "t < 800 ms",
    "count": 1434,
    "percentage": 53
},
    "group2": {
    "name": "800 ms < t < 1200 ms",
    "count": 180,
    "percentage": 7
},
    "group3": {
    "name": "t > 1200 ms",
    "count": 1081,
    "percentage": 40
},
    "group4": {
    "name": "failed",
    "count": 0,
    "percentage": 0
},
    "meanNumberOfRequestsPerSecond": {
        "total": 2.2742616033755274,
        "ok": 2.2742616033755274,
        "ko": 0
    }
}
    }
}

     },"req_get--webtours-a0f3c": {
        "type": "REQUEST",
        "name": "GET /webtours",
"path": "GET /webtours",
"pathFormatted": "req_get--webtours-a0f3c",
"stats": {
    "name": "GET /webtours",
    "numberOfRequests": {
        "total": 3062,
        "ok": 2648,
        "ko": 414
    },
    "minResponseTime": {
        "total": 212,
        "ok": 212,
        "ko": 10000
    },
    "maxResponseTime": {
        "total": 60003,
        "ok": 59950,
        "ko": 60003
    },
    "meanResponseTime": {
        "total": 11250,
        "ok": 11067,
        "ko": 12417
    },
    "standardDeviation": {
        "total": 17152,
        "ok": 17943,
        "ko": 10721
    },
    "percentiles1": {
        "total": 258,
        "ok": 249,
        "ko": 10002
    },
    "percentiles2": {
        "total": 12593,
        "ok": 16838,
        "ko": 10002
    },
    "percentiles3": {
        "total": 53243,
        "ok": 53275,
        "ko": 10004
    },
    "percentiles4": {
        "total": 59426,
        "ok": 58305,
        "ko": 60001
    },
    "group1": {
    "name": "t < 800 ms",
    "count": 1671,
    "percentage": 55
},
    "group2": {
    "name": "800 ms < t < 1200 ms",
    "count": 9,
    "percentage": 0
},
    "group3": {
    "name": "t > 1200 ms",
    "count": 968,
    "percentage": 32
},
    "group4": {
    "name": "failed",
    "count": 414,
    "percentage": 14
},
    "meanNumberOfRequestsPerSecond": {
        "total": 2.5839662447257385,
        "ok": 2.2345991561181435,
        "ko": 0.3493670886075949
    }
}
    },"req_get--webtours-r-f575f": {
        "type": "REQUEST",
        "name": "GET /webtours Redirect 1",
"path": "GET /webtours Redirect 1",
"pathFormatted": "req_get--webtours-r-f575f",
"stats": {
    "name": "GET /webtours Redirect 1",
    "numberOfRequests": {
        "total": 2648,
        "ok": 2648,
        "ko": 0
    },
    "minResponseTime": {
        "total": 103,
        "ok": 103,
        "ko": 0
    },
    "maxResponseTime": {
        "total": 1877,
        "ok": 1877,
        "ko": 0
    },
    "meanResponseTime": {
        "total": 136,
        "ok": 136,
        "ko": 0
    },
    "standardDeviation": {
        "total": 79,
        "ok": 79,
        "ko": 0
    },
    "percentiles1": {
        "total": 117,
        "ok": 117,
        "ko": 0
    },
    "percentiles2": {
        "total": 122,
        "ok": 122,
        "ko": 0
    },
    "percentiles3": {
        "total": 233,
        "ok": 233,
        "ko": 0
    },
    "percentiles4": {
        "total": 445,
        "ok": 445,
        "ko": 0
    },
    "group1": {
    "name": "t < 800 ms",
    "count": 2641,
    "percentage": 100
},
    "group2": {
    "name": "800 ms < t < 1200 ms",
    "count": 5,
    "percentage": 0
},
    "group3": {
    "name": "t > 1200 ms",
    "count": 2,
    "percentage": 0
},
    "group4": {
    "name": "failed",
    "count": 0,
    "percentage": 0
},
    "meanNumberOfRequestsPerSecond": {
        "total": 2.2345991561181435,
        "ok": 2.2345991561181435,
        "ko": 0
    }
}
    }
}

}