{
    "name": "Global Information",
    "numberOfRequests": {
        "total": 157443,
        "ok": 157443,
        "ko": 0
    },
    "minResponseTime": {
        "total": 103,
        "ok": 103,
        "ko": 0
    },
    "maxResponseTime": {
        "total": 2276,
        "ok": 2276,
        "ko": 0
    },
    "meanResponseTime": {
        "total": 213,
        "ok": 213,
        "ko": 0
    },
    "standardDeviation": {
        "total": 75,
        "ok": 75,
        "ko": 0
    },
    "percentiles1": {
        "total": 207,
        "ok": 207,
        "ko": 0
    },
    "percentiles2": {
        "total": 242,
        "ok": 242,
        "ko": 0
    },
    "percentiles3": {
        "total": 315,
        "ok": 315,
        "ko": 0
    },
    "percentiles4": {
        "total": 425,
        "ok": 425,
        "ko": 0
    },
    "group1": {
    "name": "t < 800 ms",
    "count": 157157,
    "percentage": 100
},
    "group2": {
    "name": "800 ms < t < 1200 ms",
    "count": 204,
    "percentage": 0
},
    "group3": {
    "name": "t > 1200 ms",
    "count": 82,
    "percentage": 0
},
    "group4": {
    "name": "failed",
    "count": 0,
    "percentage": 0
},
    "meanNumberOfRequestsPerSecond": {
        "total": 40.51544004117344,
        "ok": 40.51544004117344,
        "ko": 0
    }
}